Case,NBP,Vfr,V_j,U_w,U_w/V_j,Re_j,Re_w,Re_j/sqrt(Re_w),1/sqrt(Re_w),Lh/d,Lw/d,H/d,Lw/Lh
GW65N25,30.02,3.700943734,14.7770256,18.85,1.275598787,702.1,895.6,23.46069,0.033,2.387,7.779,0.07925,3.259
GW65N25,29.96,3.69639275,14.75885455,21.99,1.490030849,701.2,1044.9,21.69367,0.031,2.228,6.91,0.07637,3.102
GW65N25,29.84,3.687284386,14.72248693,25.13,1.707098899,699.5,1194.1,20.24256,0.029,2.108,6.662,0.06914,3.161
GW65N25,29.63,3.671324232,14.65876167,28.27,1.92883509,696.5,1343.4,19.00226,0.027,1.9,6.183,0.06594,3.254
GW65N25,29.56,3.665998378,14.63749675,31.42,2.146263605,695.5,1492.7,18.00098,0.026,1.791,5.516,0.06642,3.08
GW65N25,29.68,3.675126637,14.67394381,34.56,2.355026,697.2,1641.9,17.206,0.025,1.745,5.844,0.05714,3.349
GW65N25,29.56,3.665998378,14.63749675,37.7,2.575516326,695.5,1791.2,16.43257,0.024,1.527,4.914,0.06213,3.219
GW65N25,29.3,3.64619123,14.55841132,40.84,2.805299535,691.7,1940.4,15.7026,0.023,1.539,4.742,0.05912,3.081
GW65N25,29.73,3.678927562,14.68912004,43.98,2.994209118,697.9,2089.7,15.26726,0.022,1.467,4.802,0.05469,3.273
GW65N25,29.58,3.667520346,14.64357362,47.12,3.218059404,695.8,2239,14.70384,0.021,1.475,4.684,0.05217,3.176
GW65N25,29.5,3.66143105,14.61926045,50.27,3.438305421,694.6,2388.2,14.21329,0.02,1.408,4.319,0.05295,3.068
GW65N25,29.96,3.69639275,14.75885455,53.41,3.618646346,701.2,2537.5,13.92059,0.02,1.389,4.125,0.05268,2.97
GW65N25,29.86,3.688803039,14.72855057,56.55,3.839391222,699.8,2686.8,13.5006,0.019,1.461,4.631,0.04423,3.169
GW65N25,29.91,3.692598634,14.74370552,59.69,4.048525003,700.5,2836,13.15404,0.019,1.398,4.306,0.04511,3.08
GW65N25,30,3.699426976,14.77096953,62.83,4.253739265,701.8,2985.3,12.84468,0.018,1.421,4.286,0.04314,3.015
GW65N25,40.6,4.470104547,17.84810958,18.85,1.056109379,848,895.6,28.33648,0.033,2.815,9.329,0.07982,3.314
GW65N25,40.53,4.465233403,17.82866021,21.99,1.233471742,847.1,1044.9,26.2059,0.031,2.594,8.699,0.07329,3.353
GW65N25,40.43,4.458269593,17.8008553,21.99,1.235398423,845.8,1044.9,26.16503,0.031,2.6,8.781,0.07249,3.377
GW65N25,40.83,4.486089306,17.91193309,25.13,1.403128356,851,1194.1,24.62787,0.029,2.395,8.452,0.06631,3.529
GW65N25,40.35,4.452694281,17.77859435,28.27,1.590358232,844.7,1343.4,23.04653,0.027,2.229,7.644,0.06469,3.429
GW65N25,40.2,4.442230356,17.73681429,31.42,1.771227123,842.7,1492.7,21.81247,0.026,2.146,7.341,0.06048,3.42
GW65N25,40.4,4.456179295,17.79250922,34.56,1.94225102,845.4,1641.9,20.86268,0.025,2.067,6.886,0.05879,3.332
GW65N25,40.12,4.436644149,17.71450983,37.7,2.128148744,841.7,1791.2,19.88693,0.024,2.003,6.705,0.05511,3.348
GW65N25,39.99,4.427558479,17.67823282,40.84,2.310225514,839.9,1940.4,19.06762,0.023,1.928,6.398,0.0532,3.319
GW65N25,39.99,4.427558479,17.67823282,43.98,2.487935169,839.9,2089.7,18.37402,0.022,1.865,6.208,0.05091,3.329
GW65N25,39.2,4.372130375,17.45692102,47.12,2.699438792,829.4,2239,17.52877,0.021,1.754,5.951,0.04895,3.393
GW65N25,39.53,4.395328831,17.54954717,50.27,2.864203957,833.8,2388.2,17.06221,0.02,1.76,5.802,0.04732,3.297
GW65N25,39.92,4.42266205,17.65868249,53.41,3.024408821,839,2537.5,16.65571,0.02,1.686,5.505,0.04723,3.265
GW65N25,39.35,4.382683122,17.49905574,56.55,3.23152681,831.4,2686.8,16.04012,0.019,1.673,5.28,0.04609,3.155
GW65N25,39.64,4.40304732,17.58036534,59.69,3.395279862,835.3,2836,15.68485,0.019,1.615,5.241,0.04419,3.245
GW65N25,39.35,4.382683122,17.49905574,62.83,3.590585344,831.4,2985.3,15.217,0.018,1.564,4.983,0.04395,3.185
GW65N25,49.41,5.060010141,20.20346829,15.71,0.777488451,959.9,746.3,35.13745,0.037,3.461,10.645,0.09502,3.075
GW65N25,49.54,5.068370667,20.23684997,18.85,0.931447135,961.5,895.6,32.12896,0.033,3.232,10.319,0.08181,3.193
GW65N25,49.43,5.061297027,20.20860654,21.99,1.088207073,960.2,1044.9,29.70412,0.031,2.948,9.833,0.07349,3.336
GW65N25,49.43,5.061297027,20.20860654,25.13,1.243665227,960.2,1194.1,27.78566,0.029,2.769,9.347,0.06765,3.376
GW65N25,50.01,5.09851369,20.3572042,28.27,1.388910462,967.2,1343.4,26.3892,0.027,2.606,8.819,0.0642,3.384
GW65N25,50.38,5.122151285,20.45158373,31.42,1.536112164,971.7,1492.7,25.15106,0.026,2.54,8.424,0.06077,3.316
GW65N25,50.4,5.123426683,20.45667611,34.56,1.689302749,971.9,1641.9,23.98656,0.025,2.336,7.965,0.05844,3.409
GW65N25,50.48,5.128525908,20.47703615,37.7,1.84104338,972.9,1791.2,22.98824,0.024,2.29,7.57,0.05643,3.306
GW65N25,50.43,5.125339337,20.4643129,40.84,1.995703677,972.3,1940.4,22.07267,0.023,2.226,7.28,0.05413,3.271
GW65N25,50.43,5.125339337,20.4643129,43.98,2.149219345,972.3,2089.7,21.26975,0.022,2.146,7,0.05227,3.262
GW65N25,50.23,5.112578247,20.41336077,47.12,2.308482681,969.9,2239,20.49737,0.021,2.055,6.73,0.05062,3.275
GW65N25,50.1,5.104270837,20.38019117,50.27,2.466389154,968.3,2388.2,19.81425,0.02,1.997,6.558,0.04862,3.283
GW65N25,49.97,5.095953419,20.34698162,53.41,2.624815617,966.7,2537.5,19.19132,0.02,1.865,6.287,0.04765,3.372
GW65N25,49.7,5.078646807,20.27788026,56.55,2.788687331,963.5,2686.8,18.58727,0.019,1.872,5.887,0.0479,3.145
GW65N25,49.59,5.071583589,20.24967844,59.69,2.94771399,962.1,2836,18.06636,0.019,1.77,5.825,0.0458,3.291
GW65N25,49.59,5.071583589,20.24967844,62.83,3.102856832,962.1,2985.3,17.60891,0.018,1.713,5.626,0.04505,3.285
GW65N25,60,5.708274914,22.79184192,25.13,1.102707772,1082.9,1194.1,31.33746,0.029,2.958,10.042,0.07102,3.395
GW65N25,60.33,5.727408868,22.86823944,28.27,1.236401865,1086.5,1343.4,29.64427,0.027,2.907,9.356,0.06798,3.219
GW65N25,60.51,5.73781839,22.90980229,31.42,1.371287545,1088.5,1492.7,28.17414,0.026,2.76,8.904,0.0644,3.226
GW65N25,59.64,5.687327966,22.70820552,34.56,1.521807576,1078.9,1641.9,26.6266,0.025,2.639,8.318,0.06212,3.152
GW65N25,59.74,5.69315426,22.73146859,37.7,1.658454741,1080,1791.2,25.51915,0.024,2.427,8.034,0.05902,3.31
GW65N25,60.36,5.72914512,22.8751719,40.84,1.785372572,1086.9,1940.4,24.673,0.023,2.429,7.528,0.05851,3.1
GW65N25,59.72,5.691989475,22.72681787,43.98,1.935259807,1079.8,2089.7,23.62131,0.022,2.241,7.34,0.05536,3.275
GW65N25,59.85,5.699556345,22.75703066,47.12,2.07073983,1081.2,2239,22.85069,0.021,2.292,7.294,0.05206,3.183
GW65N25,60.07,5.71233902,22.80806897,50.27,2.203846478,1083.7,2388.2,22.1747,0.02,2.192,6.762,0.05277,3.084
GW65N25,59.92,5.703626669,22.77328253,53.41,2.345163682,1082,2537.5,21.47981,0.02,2.061,6.638,0.05052,3.221
GW65N25,60.38,5.730302326,22.87979236,56.55,2.471555112,1087.1,2686.8,20.97226,0.019,2,6.583,0.04833,3.291
GW65N25,59.56,5.682662666,22.68957804,59.69,2.630734706,1078,2836,20.24319,0.019,1.982,6.282,0.04758,3.169
GW65N25,59.85,5.699556345,22.75703066,62.83,2.760986441,1081.2,2985.3,19.78928,0.018,1.924,6.2,0.04594,3.222
GW65N25,70.77,6.299447384,25.15225897,25.13,0.999224016,1195,1194.1,34.58289,0.029,3.237,10.75,0.07321,3.321
GW65N25,70.61,6.291167492,25.11919925,28.27,1.125606497,1193.5,1343.4,32.56221,0.027,3.073,10.164,0.06873,3.308
GW65N25,70.74,6.297896059,25.14606489,31.42,1.249337687,1194.8,1492.7,30.92426,0.026,2.872,9.712,0.06481,3.381
GW65N25,70.89,6.305647354,25.17701405,34.56,1.372582115,1196.2,1641.9,29.52142,0.025,2.874,8.959,0.06395,3.118
GW65N25,70.92,6.307196015,25.18319749,37.7,1.496994647,1196.5,1791.2,28.27155,0.024,2.77,8.456,0.06212,3.052
GW65N25,70.33,6.276641206,25.0611991,40.84,1.629638883,1190.7,1940.4,27.03084,0.023,2.555,8.178,0.05901,3.201
GW65N25,70.74,6.297896059,25.14606489,43.98,1.749072761,1194.8,2089.7,26.13577,0.022,2.525,7.911,0.05683,3.133
GW65N25,70.1,6.26467417,25.01341745,47.12,1.883944483,1188.5,2239,25.11636,0.021,2.39,7.685,0.05431,3.216
GW65N25,70.03,6.261025811,24.99885038,50.27,2.01071176,1187.8,2388.2,24.30465,0.02,2.333,7.375,0.05303,3.161
GW65N25,70,6.25946134,24.99260381,53.41,2.136915206,1187.5,2537.5,23.57308,0.02,2.244,7.115,0.05172,3.171
GW65N25,69.77,6.24744936,24.94464271,56.55,2.266966436,1185.2,2686.8,22.86496,0.019,2.301,6.923,0.05011,3.009
GW65N25,69.72,6.244833915,24.93419983,59.69,2.393911207,1184.7,2836,22.2458,0.019,2.067,6.827,0.04812,3.303
GW65N25,70.13,6.266236864,25.01965693,62.83,2.511299545,1188.7,2985.3,21.75683,0.018,2.124,6.558,0.04775,3.087
GW80N25,29.8,3.362959785,13.42753265,15.70796327,1.169832439,159.9,187.1,11.69224,0.073,1.521,5.171,0.12984,3.399
GW80N25,29.5,3.345038365,13.3559765,18.84955592,1.411319937,159.1,224.5,10.61663,0.067,1.233,4.281,0.13,3.472
GW80N25,30.5,3.404609423,13.59383017,28.27433388,2.079938731,161.9,336.8,8.82282,0.054,1.056,3.473,0.10874,3.29
GW80N25,30.17,3.385003658,13.51554882,34.55751919,2.556871323,161,411.6,7.93458,0.049,0.821,2.401,0.12792,2.925
GW80N25,29.99,3.374287767,13.4727627,37.69911184,2.798172333,160.5,449,7.57273,0.047,0.806,2.256,0.12443,2.798
GW80N25,29.91,3.369520191,13.45372686,40.8407045,3.03564246,160.2,486.4,7.26537,0.045,0.778,2.403,0.10765,3.09
GW80N25,29.99,3.374287767,13.4727627,43.98229715,3.264534388,160.5,523.8,7.01099,0.044,0.762,2.29,0.10507,3.006
GW80N25,30.6,3.410540356,13.61751104,47.1238898,3.460536193,162.2,561.3,6.84603,0.042,0.731,2.341,0.09695,3.202
GW80N25,30.47,3.402829218,13.58672222,50.26548246,3.699603307,161.8,598.7,6.61365,0.041,0.78,2.237,0.0949,2.869
GW80N25,30.35,3.395704127,13.55827335,53.40707511,3.939076439,161.5,636.1,6.40275,0.04,0.563,1.81,0.11015,3.216
GW80N25,30.02,3.376074821,13.479898,56.54866776,4.195036769,160.5,673.5,6.18639,0.039,0.588,1.797,0.1042,3.053
GW80N25,29.96,3.372500283,13.46562569,59.69026042,4.432787736,160.4,710.9,6.01501,0.038,0.536,1.711,0.10355,3.191
GW80N25,29.95,3.37190436,13.4632463,62.83185307,4.666917001,160.4,748.3,5.86167,0.037,0.545,1.661,0.10131,3.045
GW80N25,40.12,3.954168078,15.78809274,15.70796327,0.994924689,188,187.1,13.74774,0.073,1.856,6.667,0.11841,3.592
GW80N25,40.04,3.949767047,15.77052043,18.84955592,1.195239942,187.8,224.5,12.53594,0.067,1.692,5.743,0.11441,3.394
GW80N25,39.89,3.941507735,15.73754288,21.99114858,1.39736862,187.4,261.9,11.58176,0.062,1.514,4.938,0.11382,3.261
GW80N25,39.84,3.93875249,15.72654181,25.13274123,1.598109841,187.3,299.3,10.82617,0.058,1.425,4.615,0.10648,3.24
GW80N25,39.66,3.928824727,15.68690251,28.27433388,1.802416625,186.8,336.8,10.18128,0.054,1.24,4.105,0.10615,3.309
GW80N25,39.71,3.931583834,15.697919,31.41592654,2.001279694,187,374.2,9.6656,0.052,1.159,3.839,0.10222,3.313
GW80N25,39.89,3.941507735,15.73754288,34.55751919,2.195864975,187.4,411.6,9.23905,0.049,1.197,3.738,0.09569,3.124
GW80N25,39.51,3.920540961,15.65382732,37.69911184,2.408299968,186.4,449,8.79866,0.047,1.129,3.497,0.09327,3.098
GW80N25,39.64,3.927720784,15.68249472,40.8407045,2.604222429,186.8,486.4,8.46896,0.045,1.062,3.32,0.09085,3.126
GW80N25,39.69,3.93048032,15.69351292,43.98229715,2.802578197,186.9,523.8,8.16663,0.044,0.99,3.128,0.08959,3.158
GW80N25,39.61,3.926064547,15.67588174,47.1238898,3.00613966,186.7,561.3,7.88085,0.042,0.983,2.994,0.08726,3.045
GW80N25,39.71,3.931583834,15.697919,50.26548246,3.202047511,187,598.7,7.64133,0.041,0.95,2.93,0.08371,3.085
GW80N25,39.61,3.926064547,15.67588174,53.40707511,3.406958281,186.7,636.1,7.40277,0.04,0.9,2.738,0.08418,3.043
GW80N25,39.56,3.923303292,15.66485668,56.54866776,3.609906488,186.6,673.5,7.18914,0.039,0.855,2.64,0.08243,3.086
GW80N25,39.33,3.91058766,15.61408606,59.69026042,3.822846895,186,710.9,6.97471,0.038,0.821,2.607,0.07881,3.176
GW80N25,40.6,3.980516917,15.89329766,62.83185307,3.953355334,189.3,748.3,6.91967,0.037,0.84,2.608,0.07617,3.106
GW80N25,49.79,4.466735448,17.83465754,15.70796327,0.88075497,212.4,187.1,15.52982,0.073,1.889,6.341,0.14063,3.356
GW80N25,49.82,4.468268047,17.84077686,18.84955592,1.056543449,212.5,224.5,14.18158,0.067,1.707,5.905,0.12589,3.46
GW80N25,49.38,4.445755593,17.75088975,21.99114858,1.238875847,211.4,261.9,13.06345,0.062,1.577,5.376,0.11791,3.41
GW80N25,50.63,4.509519429,18.00548423,25.13274123,1.395838118,214.5,299.3,12.395,0.058,1.495,5.012,0.11227,3.352
GW80N25,50.56,4.505964268,17.99128928,28.27433388,1.571556848,214.3,336.8,11.6769,0.054,1.37,4.699,0.10635,3.43
GW80N25,50.43,4.499356933,17.9649077,31.41592654,1.748738544,214,374.2,11.06144,0.052,1.394,4.54,0.09893,3.256
GW80N25,50.3,4.492743229,17.93850068,34.55751919,1.926444121,213.7,411.6,10.53117,0.049,1.281,4.759,0.08567,3.715
GW80N25,50.3,4.492743229,17.93850068,37.69911184,2.101575405,213.7,449,10.08282,0.047,1.176,3.936,0.09494,3.346
GW80N25,50.05,4.480006626,17.88764633,40.8407045,2.283179338,213,486.4,9.6598,0.045,1.181,3.782,0.09096,3.202
GW80N25,50.23,4.489179362,17.92427097,43.98229715,2.453784436,213.5,523.8,9.32748,0.044,1.042,3.493,0.09163,3.351
GW80N25,50.05,4.480006626,17.88764633,47.1238898,2.634437697,213,561.3,8.99278,0.042,1.074,3.442,0.08662,3.204
GW80N25,49.79,4.466735448,17.83465754,50.26548246,2.818415905,212.4,598.7,8.68143,0.041,1.014,3.435,0.08112,3.387
GW80N25,49.69,4.461624313,17.81424994,50.26548246,2.821644618,212.2,598.7,8.6715,0.041,0.998,3.302,0.0843,3.31
GW80N25,49.69,4.461624313,17.81424994,53.40707511,2.997997406,212.2,636.1,8.41259,0.04,1.061,3.227,0.08119,3.042
GW80N25,50.02,4.478476645,17.88153746,56.54866776,3.16240524,213,673.5,8.20645,0.039,0.978,3.035,0.08183,3.102
GW80N25,50.05,4.480006626,17.88764633,56.54866776,3.161325237,213,673.5,8.20925,0.039,0.968,2.908,0.08544,3.003
GW80N25,49.84,4.46928959,17.84485564,59.69026042,3.344956194,212.5,710.9,7.97118,0.038,0.902,2.897,0.08105,3.213
GW80N25,49.77,4.465713525,17.83057723,62.83185307,3.52382608,212.4,748.3,7.76313,0.037,0.9,2.899,0.07688,3.221
GW80N25,60.76,5.005429756,19.98554124,15.70796327,0.785966368,238,187.1,17.40274,0.073,2.088,7.183,0.13912,3.441
GW80N25,60.23,4.980358224,19.88543632,18.84955592,0.947907585,236.8,224.5,15.80688,0.067,1.799,6.265,0.13225,3.482
GW80N25,60.38,4.987463283,19.91380521,21.99114858,1.104316746,237.2,261.9,14.6552,0.062,1.675,5.635,0.12621,3.364
GW80N25,60.07,4.972771336,19.85514361,25.13274123,1.265805059,236.5,299.3,13.6683,0.058,1.534,5.367,0.11561,3.499
GW80N25,59.9,4.964701019,19.82292067,28.27433388,1.426345509,236.1,336.8,12.86569,0.054,1.449,5.073,0.10853,3.5
GW80N25,59.49,4.945197966,19.74504942,31.41592654,1.591078648,235.2,374.2,12.15752,0.052,1.445,4.917,0.1004,3.403
GW80N25,58.98,4.920860016,19.64787353,34.55751919,1.758842713,234,411.6,11.53469,0.049,1.268,4.4,0.10149,3.469
GW80N25,59.95,4.967075632,19.83240196,37.69911184,1.900884821,236.2,449,11.14734,0.047,1.205,4.267,0.09684,3.541
GW80N25,60.13,4.975617407,19.86650732,40.8407045,2.055756648,236.6,486.4,10.72844,0.045,1.221,4.11,0.09295,3.365
GW80N25,60.13,4.975617407,19.86650732,43.98229715,2.213891775,236.6,523.8,10.33818,0.044,1.132,3.807,0.09318,3.364
GW80N25,60.02,4.970398703,19.84567023,47.1238898,2.374517427,236.4,561.3,9.97716,0.042,1.131,3.787,0.08735,3.349
GW80N25,59.62,4.951387897,19.76976441,50.26548246,2.542543322,235.5,598.7,9.62339,0.041,1.125,3.59,0.08604,3.191
GW80N25,59.85,4.962325579,19.81343608,53.40707511,2.695497888,236,636.1,9.35668,0.04,1.152,3.665,0.07951,3.182
GW80N25,59.92,4.965650963,19.82671358,56.54866776,2.85214529,236.1,673.5,9.09916,0.039,1.002,3.337,0.08251,3.329
GW80N25,60.02,4.970398703,19.84567023,59.69026042,3.007722074,236.4,710.9,8.86494,0.038,0.975,3.276,0.07971,3.36
GW80N25,59.95,4.967075632,19.83240196,62.83185307,3.168141368,236.2,748.3,8.63469,0.037,0.958,3.204,0.07738,3.345
GW80N25,70.38,5.445293571,21.7418173,15.70796327,0.722477015,259,187.1,18.93204,0.073,1.919,6.975,0.15585,3.635
GW80N25,70.23,5.43864465,21.71526967,18.84955592,0.86803232,258.6,224.5,17.26141,0.067,1.807,6.313,0.14332,3.494
GW80N25,69.92,5.424883564,21.66032479,21.99114858,1.015273261,258,261.9,15.94052,0.062,1.664,5.843,0.13239,3.512
GW80N25,69.8,5.419549437,21.63902683,25.13274123,1.161454321,257.7,299.3,14.89633,0.058,1.551,5.574,0.12132,3.595
GW80N25,69.72,5.415991097,21.62481919,28.27433388,1.30749458,257.6,336.8,14.03518,0.054,1.483,5.454,0.11014,3.676
GW80N25,69.87,5.422661505,21.65145261,31.41592654,1.450984703,257.9,374.2,13.33134,0.052,1.381,5.08,0.10654,3.678
GW80N25,69.85,5.421772483,21.64790295,34.55751919,1.596344887,257.8,411.6,12.70885,0.049,1.381,5.073,0.09698,3.673
GW80N25,69.41,5.402185426,21.56969629,37.69911184,1.747781301,256.9,449,12.12384,0.047,1.321,4.756,0.09449,3.6
GW80N25,69.41,5.402185426,21.56969629,40.8407045,1.893429743,256.9,486.4,11.6482,0.045,1.243,4.39,0.09449,3.533
GW80N25,69.67,5.413766216,21.61593575,43.98229715,2.034716316,257.5,523.8,11.24855,0.044,1.187,4.287,0.09004,3.613
GW80N25,69.52,5.407087329,21.58926847,47.1238898,2.182746019,257.1,561.3,10.85373,0.042,1.188,4.175,0.08618,3.514
GW80N25,69.26,5.395495474,21.54298484,50.26548246,2.333264533,256.6,598.7,10.48655,0.041,1.141,3.939,0.08546,3.451
GW80N25,69.52,5.407087329,21.58926847,53.40707511,2.473778821,257.1,636.1,10.1953,0.04,1.108,3.655,0.08687,3.299
GW80N25,70.08,5.431989429,21.68869689,56.54866776,2.607287476,258.3,673.5,9.95368,0.039,1.099,3.791,0.07945,3.45
GW80N25,70.05,5.430657628,21.68337931,59.69026042,2.752811708,258.3,710.9,9.68583,0.038,1.095,3.718,0.07674,3.395
GW80N25,70,5.428437396,21.67451443,62.83185307,2.898881692,258.2,748.3,9.43672,0.037,1.032,3.534,0.07667,3.423
GW85N25,30.09,2.443261477,9.755386732,15.70796327,1.610183553,84.5,136,7.24374,0.086,1.302,4.055,0.12045,3.113
GW85N25,30.22,2.451971891,9.79016543,18.84955592,1.925356222,84.8,163.3,6.63618,0.078,1.103,3.471,0.11767,3.147
GW85N25,30.17,2.448622579,9.776792388,21.99114858,2.249321424,84.7,190.5,6.13551,0.072,1.041,3.188,0.10965,3.061
GW85N25,29.96,2.434543909,9.720579467,25.13274123,2.585518828,84.2,217.7,5.70625,0.068,0.947,2.863,0.10622,3.023
GW85N25,30.22,2.451971891,9.79016543,28.27433388,2.888034332,84.8,244.9,5.41842,0.064,0.873,2.59,0.10513,2.966
GW85N25,29.99,2.436556291,9.728614448,31.41592654,3.22922927,84.3,272.1,5.10804,0.061,0.835,2.306,0.10561,2.762
GW85N25,29.79,2.423133217,9.675019172,34.55751919,3.571829531,83.8,299.3,4.8435,0.058,0.723,2.07,0.10635,2.864
GW85N25,29.76,2.421118296,9.666974049,37.69911184,3.899784116,83.7,326.5,4.63344,0.055,0.709,1.965,0.10262,2.772
GW85N25,29.61,2.411037973,9.626725616,40.8407045,4.242429475,83.4,353.7,4.43313,0.053,0.69,1.898,0.09766,2.751
GW85N25,29.56,2.407675749,9.61330102,43.98229715,4.575150311,83.3,380.9,4.26591,0.051,0.648,1.866,0.09213,2.88
GW85N25,30.81,2.491413851,9.947648196,47.1238898,4.73718902,86.2,408.1,4.2646,0.049,0.625,1.802,0.0921,2.884
GW85N25,30.83,2.492748285,9.952976284,50.26548246,5.050296617,86.2,435.3,4.13139,0.048,0.623,1.719,0.09057,2.759
GW85N25,30.09,2.443261477,9.755386732,53.40707511,5.47462408,84.5,462.5,3.92847,0.046,0.629,1.648,0.08714,2.623
GW85N25,29.68,2.415743309,9.645512951,56.54866776,5.862691601,83.5,489.8,3.77479,0.045,0.575,1.568,0.08552,2.73
GW85N25,30.19,2.449962431,9.782142112,59.69026042,6.101962099,84.7,517,3.72615,0.044,0.554,1.53,0.08422,2.764
GW85N25,30.27,2.455320145,9.803534246,62.83185307,6.409102217,84.9,544.2,3.63975,0.043,0.552,1.513,0.08111,2.739
GW85N25,39.89,3.079833545,12.29707404,15.70796327,1.277374049,106.5,136,9.13104,0.086,1.149,3.603,0.17087,3.136
GW85N25,39.86,3.077946895,12.28954108,18.84955592,1.53378843,106.4,163.3,8.33036,0.078,1.066,3.336,0.1537,3.13
GW85N25,39.86,3.077946895,12.28954108,21.99114858,1.789419835,106.4,190.5,7.71241,0.072,0.99,3.079,0.14275,3.109
GW85N25,39.86,3.077946895,12.28954108,25.13274123,2.04505124,106.4,217.7,7.2143,0.068,0.929,2.862,0.13434,3.08
GW85N25,39.81,3.074801633,12.27698277,28.27433388,2.303036049,106.3,244.9,6.79476,0.064,0.906,2.69,0.12692,2.97
GW85N25,39.84,3.076688917,12.28451826,31.41592654,2.55735926,106.4,272.1,6.45003,0.061,0.863,2.51,0.1225,2.91
GW85N25,39.51,3.055907832,12.20154412,34.55751919,2.832225073,105.7,299.3,6.10832,0.058,0.794,2.325,0.11943,2.928
GW85N25,39.64,3.064099824,12.23425288,37.69911184,3.081439645,106,326.5,5.86395,0.055,0.75,2.247,0.11355,2.997
GW85N25,39.51,3.055907832,12.20154412,40.8407045,3.347175086,105.7,353.7,5.61884,0.053,0.73,2.146,0.10945,2.942
GW85N25,39.79,3.073543231,12.27195826,43.98229715,3.583967305,106.3,380.9,5.4457,0.051,0.706,2.083,0.10532,2.949
GW85N25,39.69,3.067248685,12.24682556,47.1238898,3.847845269,106.1,408.1,5.25027,0.049,0.718,1.972,0.10362,2.748
GW85N25,39.79,3.073543231,12.27195826,50.26548246,4.095962634,106.3,435.3,5.09398,0.048,0.668,1.929,0.09953,2.886
GW85N25,39.53,3.057168604,12.2065781,53.40707511,4.375270013,105.7,462.5,4.91556,0.046,0.656,1.862,0.09652,2.837
GW85N25,39.74,3.070396487,12.25939402,56.54866776,4.612680501,106.2,489.8,4.79774,0.045,0.629,1.747,0.09758,2.777
GW85N25,39.97,3.084862747,12.31715451,59.69026042,4.846107954,106.7,517,4.69177,0.044,0.607,1.713,0.09475,2.821
GW85N25,39.53,3.057168604,12.2065781,62.83185307,5.147376486,105.7,544.2,4.53192,0.043,0.604,1.685,0.09066,2.79
GW85N25,50.43,3.719094722,14.84949836,15.70796327,1.057811037,128.6,136,11.02631,0.086,1.235,3.957,0.18785,3.205
GW85N25,50.23,3.707402263,14.80281303,18.84955592,1.273376613,128.2,163.3,10.03396,0.078,1.163,3.61,0.17107,3.105
GW85N25,50.38,3.716173195,14.83783337,21.99114858,1.482099713,128.5,190.5,9.31162,0.072,1.071,3.381,0.15692,3.158
GW85N25,50.33,3.713250609,14.82616415,25.13274123,1.695161404,128.4,217.7,8.70337,0.068,1.031,3.184,0.14568,3.087
GW85N25,50.1,3.699793083,14.77243131,28.27433388,1.913993254,127.9,244.9,8.17588,0.064,0.98,3,0.13695,3.06
GW85N25,49.87,3.686313163,14.71860906,31.41592654,2.134435829,127.5,272.1,7.72806,0.061,0.949,2.81,0.13112,2.961
GW85N25,49.74,3.678684171,14.68814823,34.55751919,2.352748532,127.2,299.3,7.35316,0.058,0.894,2.692,0.12414,3.013
GW85N25,49.79,3.681619245,14.69986732,37.69911184,2.56458858,127.3,326.5,7.04574,0.055,0.873,2.587,0.11854,2.962
GW85N25,49.74,3.678684171,14.68814823,40.8407045,2.780520992,127.2,353.7,6.76393,0.053,0.833,2.469,0.11453,2.963
GW85N25,49.77,3.680445343,14.69518019,43.98229715,2.992974335,127.3,380.9,6.521,0.051,0.801,2.41,0.10901,3.009
GW85N25,49.84,3.684553261,14.71158217,47.1238898,3.203182992,127.4,408.1,6.30692,0.049,0.788,2.31,0.10629,2.932
GW85N25,49.54,3.666933291,14.64122964,50.26548246,3.433146237,126.8,435.3,6.07745,0.048,0.754,2.183,0.10495,2.893
GW85N25,49.46,3.662228197,14.62244328,53.40707511,3.652404328,126.6,462.5,5.88842,0.046,0.747,2.15,0.10013,2.877
GW85N25,49.92,3.689245485,14.73031716,56.54866776,3.838930769,127.6,489.8,5.76474,0.045,0.709,2.02,0.10142,2.85
GW85N25,49.69,3.675748039,14.67642492,59.69026042,4.067084506,127.1,517,5.59045,0.044,0.698,2,0.09668,2.866
GW85N25,49.92,3.689245485,14.73031716,62.83185307,4.265478632,127.6,544.2,5.46891,0.043,0.678,1.945,0.09479,2.869
GW85N25,60.41,4.281043544,17.09323205,15.70796327,0.918958054,148,136,12.69237,0.086,1.355,4.325,0.19787,3.192
GW85N25,60.43,4.28212736,17.09755948,18.84955592,1.102470557,148.1,163.3,11.58943,0.078,1.271,3.956,0.1803,3.114
GW85N25,60.48,4.284836159,17.1083751,21.99114858,1.285402527,148.2,190.5,10.73651,0.072,1.177,3.69,0.16578,3.134
GW85N25,60.33,4.276706587,17.07591557,25.13274123,1.471823934,147.9,217.7,10.02403,0.068,1.1,3.518,0.15188,3.198
GW85N25,60.28,4.273994613,17.06508727,28.27433388,1.656852581,147.8,244.9,9.44476,0.064,1.067,3.292,0.14417,3.086
GW85N25,59.97,4.257156751,16.99785752,31.41592654,1.848228607,147.2,272.1,8.92478,0.061,1.02,3.105,0.13702,3.045
GW85N25,59.95,4.256069041,16.99351454,34.55751919,2.033571049,147.2,299.3,8.50727,0.058,0.977,3.035,0.1274,3.108
GW85N25,59.95,4.256069041,16.99351454,37.69911184,2.218441144,147.2,326.5,8.14509,0.055,0.939,2.868,0.12359,3.055
GW85N25,59.9,4.253349023,16.98265413,40.8407045,2.404848157,147.1,353.7,7.82055,0.053,0.912,2.781,0.1176,3.05
GW85N25,59.62,4.238097367,16.92175774,43.98229715,2.599156531,146.6,380.9,7.50905,0.051,0.904,2.665,0.11353,2.949
GW85N25,59.77,4.246272025,16.95439729,47.1238898,2.779449426,146.8,408.1,7.26842,0.049,0.861,2.579,0.10972,2.995
GW85N25,59.59,4.236461292,16.91522527,50.26548246,2.971611768,146.5,435.3,7.02136,0.048,0.838,2.48,0.10672,2.957
GW85N25,59.59,4.236461292,16.91522527,53.40707511,3.157337503,146.5,462.5,6.81172,0.046,0.829,2.415,0.10311,2.913
GW85N25,59.69,4.241913393,16.93699426,56.54866776,3.338766424,146.7,489.8,6.62832,0.045,0.792,2.291,0.10279,2.894
GW85N25,59.64,4.239187872,16.92611188,59.69026042,3.526519312,146.6,517,6.44739,0.044,0.777,2.223,0.10029,2.862
GW85N25,59.36,4.223905396,16.86509243,62.83185307,3.725556401,146.1,544.2,6.26148,0.043,0.757,2.136,0.0988,2.823
GW85N25,70.74,4.818291138,19.23833935,15.70796327,0.816492681,166.6,136,14.28519,0.086,1.531,5.036,0.19123,3.289
GW85N25,70.74,4.818291138,19.23833935,18.84955592,0.979791217,166.6,163.3,13.04054,0.078,1.398,4.622,0.17366,3.306
GW85N25,70.66,4.814304029,19.22241973,21.99114858,1.144036437,166.5,190.5,12.0632,0.072,1.31,4.216,0.16303,3.22
GW85N25,70.79,4.820781705,19.24828362,25.13274123,1.305713368,166.7,217.7,11.29927,0.068,1.229,3.914,0.15386,3.185
GW85N25,70.59,4.810813086,19.20848119,28.27433388,1.471971344,166.4,244.9,10.63103,0.064,1.171,3.679,0.14523,3.142
GW85N25,70.59,4.810813086,19.20848119,31.41592654,1.635523716,166.4,272.1,10.08548,0.061,1.144,3.55,0.13544,3.103
GW85N25,70.79,4.820781705,19.24828362,34.55751919,1.795355881,166.7,299.3,9.63605,0.058,1.086,3.377,0.12971,3.11
GW85N25,70.23,4.792826899,19.13666645,37.69911184,1.969993674,165.7,326.5,9.17232,0.055,1.041,3.268,0.12214,3.139
GW85N25,70.59,4.810813086,19.20848119,40.8407045,2.12618083,166.4,353.7,8.84555,0.053,1.009,3.103,0.11919,3.075
GW85N25,70.41,4.80182685,19.1726012,43.98229715,2.294018255,166,380.9,8.50786,0.051,0.983,3.026,0.11329,3.078
GW85N25,70.82,4.822275537,19.25424815,47.1238898,2.447454163,166.8,408.1,8.25438,0.049,1.037,2.959,0.10858,2.855
GW85N25,70.69,4.815799512,19.22839086,50.26548246,2.614128391,166.5,435.3,7.98154,0.048,0.898,2.723,0.11047,3.034
GW85N25,70.59,4.810813086,19.20848119,53.40707511,2.780390317,166.4,462.5,7.73521,0.046,0.87,2.655,0.10654,3.051
GW85N25,70.26,4.794327843,19.14265937,56.54866776,2.954065402,165.8,489.8,7.49151,0.045,0.851,2.588,0.10287,3.042
GW85N25,70.36,4.79932824,19.16262482,59.69026042,3.11493133,166,517,7.29931,0.044,0.832,2.497,0.10108,3.001
GW85N25,70.05,4.783813231,19.10067692,62.83185307,3.289509232,165.4,544.2,7.09149,0.043,0.826,2.476,0.09653,2.998
GW90N25,49.84,2.186377968,8.729709373,15.70796327,1.799368409,40.9,73.6,4.76734,0.117,0.887,2.636,0.16577,2.972
GW90N25,50.12,2.196637535,8.770673487,18.84955592,2.149157183,41.1,88.3,4.37238,0.106,0.71,2.118,0.17279,2.984
GW90N25,49.92,2.18931035,8.741417705,21.99114858,2.515741647,40.9,103,4.03454,0.099,0.624,1.788,0.1748,2.867
GW90N25,49.79,2.184544792,8.722389918,25.13274123,2.881405379,40.9,117.7,3.76575,0.092,0.581,1.66,0.16441,2.858
GW90N25,50.02,2.192974615,8.756048283,28.27433388,3.229120371,41,132.5,3.56408,0.087,0.562,1.487,0.16377,2.646
GW90N25,49.87,2.187477712,8.7341004,31.41592654,3.596927571,40.9,147.2,3.37271,0.082,0.522,1.282,0.17058,2.456
GW90N25,60.36,2.564594146,10.23984045,15.70796327,1.53400469,48,73.6,5.59203,0.117,0.67,1.91,0.26836,2.853
GW90N25,60.64,2.574457206,10.2792214,18.84955592,1.833753276,48.2,88.3,5.12443,0.106,0.608,1.714,0.25024,2.817
GW90N25,60.41,2.56635618,10.24687585,21.99114858,2.14613204,48,103,4.72937,0.099,0.577,1.533,0.23909,2.656
GW90N25,60.33,2.563536763,10.23561856,25.13274123,2.455419873,47.9,117.7,4.41906,0.092,0.56,1.51,0.21206,2.694
GW90N25,60.48,2.568822464,10.25672316,28.27433388,2.756663453,48,132.5,4.17492,0.087,0.543,1.347,0.21179,2.48
GW90N25,69.72,2.888582001,11.53345018,15.70796327,1.361948335,54,73.6,6.29847,0.117,0.707,2.012,0.28692,2.846
GW90N25,69.72,2.888582001,11.53345018,18.84955592,1.634338002,54,88.3,5.74969,0.106,0.67,1.836,0.26206,2.74
GW90N25,69.54,2.88246268,11.50901712,21.99114858,1.910775554,53.9,103,5.3119,0.099,0.589,1.788,0.23024,3.032
GW90N25,69.82,2.89197974,11.54701658,25.13274123,2.176557127,54.1,117.7,4.98524,0.092,0.603,1.596,0.2264,2.646
GW90N25,69.44,2.879061173,11.49543568,28.27433388,2.459613943,53.9,132.5,4.67913,0.087,0.569,1.563,0.20462,2.748
GW90N25,69.44,2.879061173,11.49543568,31.41592654,2.732904381,53.9,147.2,4.43901,0.082,0.558,1.524,0.18881,2.732
GW90N25,69.29,2.873956388,11.47505344,34.55751919,3.011534489,53.8,161.9,4.22493,0.079,0.554,1.46,0.17885,2.634
GW90N25,69.29,2.873956388,11.47505344,37.69911184,3.285310352,53.8,176.6,4.04506,0.075,0.547,1.368,0.17494,2.501
GW90N25,79.49,3.214182344,12.83349821,15.70796327,1.223981413,60.1,73.6,7.00844,0.117,0.859,2.578,0.24925,3.002
GW90N25,80.23,3.238320531,12.92987649,18.84955592,1.457829542,60.6,88.3,6.44584,0.106,0.741,2.136,0.25251,2.883
GW90N25,79.49,3.214182344,12.83349821,21.99114858,1.713573978,60.1,103,5.92321,0.099,0.699,1.969,0.23313,2.815
GW90N25,79.37,3.210261098,12.81784157,25.13274123,1.960762356,60,117.7,5.5339,0.092,0.672,1.843,0.21762,2.744
GW90N25,79.42,3.211895186,12.82436611,28.27433388,2.204735396,60.1,132.5,5.22006,0.087,0.639,1.747,0.20415,2.736
GW90N25,79.09,3.201103985,12.7812793,31.41592654,2.457964168,59.9,147.2,4.93555,0.082,0.616,1.727,0.18526,2.802
GW90N25,79.93,3.228543664,12.89083969,34.55751919,2.680781084,60.4,161.9,4.7462,0.079,0.606,1.594,0.18404,2.631
GW90N25,79.47,3.213528938,12.83088931,37.69911184,2.938152683,60.1,176.6,4.52301,0.075,0.597,1.562,0.1714,2.614
GW90N25,90.59,3.568515346,14.2482692,15.70796327,1.102447115,66.7,73.6,7.78105,0.117,0.843,2.427,0.29392,2.879
GW90N25,90.03,3.551036347,14.17847954,18.84955592,1.329448329,66.4,88.3,7.0683,0.106,0.809,2.283,0.25913,2.821
GW90N25,89.42,3.531948687,14.10226686,21.99114858,1.559405222,66.1,103,6.5088,0.099,0.766,2.238,0.22529,2.92
GW90N25,89.34,3.529441672,14.09225692,25.13274123,1.783443303,66,117.7,6.0841,0.092,0.741,2.122,0.20776,2.865
GW90N25,89.57,3.536647018,14.12102622,28.27433388,2.002286055,66.2,132.5,5.74786,0.087,0.711,1.97,0.19934,2.771
GW90N25,89.19,3.524738697,14.07347901,31.41592654,2.232278636,65.9,147.2,5.43454,0.082,0.69,1.968,0.17896,2.855
GW90N25,88.96,3.517521587,14.04466273,34.55751919,2.46054461,65.8,161.9,5.17102,0.079,0.674,1.855,0.17226,2.754
GW90N25,88.78,3.511868446,14.02209103,37.69911184,2.688551356,65.7,176.6,4.94292,0.075,0.657,1.833,0.15954,2.789
GW90N25,90.9,3.578173068,14.28683029,40.8407045,2.858625999,66.9,191.3,4.83866,0.072,0.622,1.813,0.15177,2.913
GW90N25,90.8,3.575059087,14.27439687,43.98229715,3.081201787,66.9,206,4.65859,0.07,0.615,1.707,0.14955,2.776
GW90N25,90.62,3.56945053,14.25200318,47.1238898,3.306474832,66.8,220.8,4.49357,0.067,0.59,1.671,0.14233,2.833
GW90N25,90.75,3.573501592,14.26817815,50.26548246,3.522908247,66.8,235.5,4.35582,0.065,0.582,1.623,0.13754,2.788
GW90N25,100.5,3.870847808,15.45541388,15.70796327,1.016340513,72.4,73.6,8.44028,0.117,0.982,2.921,0.2649,2.975
GW90N25,100.6,3.873831217,15.46732595,18.84955592,1.218669341,72.5,88.3,7.71082,0.106,0.914,2.659,0.24267,2.909
GW90N25,100.4,3.867863052,15.44349643,21.99114858,1.423974725,72.3,103,7.12784,0.099,0.868,2.55,0.21658,2.937
GW90N25,100,3.855910569,15.39577288,25.13274123,1.63244427,72.1,117.7,6.64688,0.092,0.836,2.397,0.20093,2.868
GW90N25,100.3,3.864876951,15.4315736,28.27433388,1.832239188,72.3,132.5,6.28131,0.087,0.766,2.174,0.19738,2.839
GW90N25,99.88,3.852320624,15.38143905,31.41592654,2.042456914,72.1,147.2,5.93961,0.082,0.729,2.054,0.18745,2.818
GW90N25,99.88,3.852320624,15.38143905,34.55751919,2.246702605,72.1,161.9,5.6632,0.079,0.707,1.954,0.17915,2.764
GW90N25,99.63,3.844835347,15.35155204,37.69911184,2.4557199,71.9,176.6,5.41156,0.075,0.678,1.877,0.17064,2.766
GW90N25,99.63,3.844835347,15.35155204,40.8407045,2.660363225,71.9,191.3,5.19926,0.072,0.665,1.857,0.15916,2.794
GW90N25,99.37,3.837041734,15.32043392,43.98229715,2.870825812,71.8,206,4.99998,0.07,0.641,1.814,0.15104,2.83
GW90N25,99.22,3.832541279,15.30246463,47.1238898,3.079496731,71.7,220.8,4.82477,0.067,0.639,1.706,0.14971,2.671
GW90N25,99.14,3.830139799,15.29287607,50.26548246,3.286856066,71.6,235.5,4.66864,0.065,0.619,1.693,0.14129,2.734
GW85N13,60.46,0.698113536,11.23302468,15.70796327,1.398373431,54.9,76.8,6.2672,0.114,1.084,3.353,0.1677,3.093
GW85N13,61.38,0.707770306,11.38840733,18.84955592,1.655152944,55.7,92.2,5.80028,0.104,0.889,2.806,0.1693,3.155
GW85N13,59.28,0.685695264,11.03320796,21.99114858,1.993178108,53.9,107.5,5.20253,0.096,0.889,2.571,0.1534,2.894
GW85N13,59.13,0.68411406,11.00776554,25.13274123,2.283182826,53.8,122.9,4.8553,0.09,0.711,2.293,0.15015,3.227
GW85N13,59.03,0.683059598,10.99079866,28.27433388,2.572545886,53.7,138.3,4.57056,0.085,0.766,2.175,0.14052,2.84
GW85N13,60,0.693276847,11.15519974,31.41592654,2.81625854,54.5,153.6,4.40088,0.081,0.664,1.926,0.14498,2.902
GW85N13,58.98,0.682532268,10.98231365,34.55751919,3.146651999,53.7,169,4.13104,0.077,0.571,1.801,0.13877,3.151
GW85N13,60,0.693276847,11.15519974,37.69911184,3.379510248,54.5,184.3,4.01743,0.074,0.637,1.68,0.1385,2.635
GW85N13,59.62,0.689277146,11.09084239,40.8407045,3.682380749,54.2,199.7,3.83755,0.071,0.586,1.597,0.13369,2.727
GW85N13,60,0.693276847,11.15519974,43.98229715,3.942761956,54.5,215.1,3.71942,0.068,0.571,1.566,0.12732,2.744
GW85N13,60,0.693276847,11.15519974,47.1238898,4.22438781,54.5,230.4,3.5933,0.066,0.5,1.447,0.12859,2.895
GW85N13,70.87,0.806089672,12.97041916,15.70796327,1.211060573,63.4,76.8,7.23654,0.114,0.939,2.871,0.22614,3.058
GW85N13,70.84,0.805782575,12.96547781,18.84955592,1.453826554,63.4,92.2,6.60351,0.104,0.843,2.557,0.21153,3.032
GW85N13,70.72,0.804553952,12.9457086,21.99114858,1.698721118,63.3,107.5,6.10434,0.096,0.807,2.353,0.19668,2.915
GW85N13,70.74,0.804758749,12.94900388,25.13274123,1.940901513,63.3,122.9,5.71154,0.09,0.696,2.084,0.19441,2.993
GW85N13,70.51,0.802402955,12.91109789,28.27433388,2.189924832,63.1,138.3,5.36913,0.085,0.681,2.028,0.17704,2.978
GW85N13,70.51,0.802402955,12.91109789,31.41592654,2.433249814,63.1,153.6,5.0936,0.081,0.674,1.941,0.16649,2.88
GW85N13,70.49,0.802198038,12.90780066,34.55751919,2.677258511,63.1,169,4.85532,0.077,0.635,1.858,0.15804,2.928
GW85N13,70.05,0.797687216,12.83521909,37.69911184,2.937161538,62.8,184.3,4.62247,0.074,0.634,1.819,0.14714,2.869
GW85N13,69.98,0.796969118,12.82366451,40.8407045,3.184792028,62.7,199.7,4.43713,0.071,0.628,1.827,0.13515,2.911
GW85N13,70.1,0.798200065,12.8434711,43.98229715,3.424486792,62.8,215.1,4.28233,0.068,0.603,1.662,0.13817,2.756
GW85N13,70.08,0.797994933,12.84017042,47.1238898,3.670036164,62.8,230.4,4.13606,0.066,0.592,1.695,0.12637,2.862
GW85N13,69.92,0.796353504,12.81375894,50.26548246,3.92277416,62.7,245.8,3.99649,0.064,0.57,1.653,0.12126,2.898
GW85N13,69.95,0.796661323,12.81871191,53.40707511,4.166337107,62.7,261.1,3.87866,0.062,0.55,1.581,0.11934,2.876
GW85N13,81.46,0.913023685,14.69104531,15.70796327,1.069220259,71.8,76.8,8.19652,0.114,0.974,3.07,0.23949,3.153
GW85N13,81.15,0.909935104,14.64134837,18.84955592,1.287419399,71.6,92.2,7.45705,0.104,0.939,2.879,0.21211,3.066
GW85N13,81.02,0.908639144,14.62049567,25.13274123,1.719007467,71.5,122.9,6.4488,0.09,0.774,2.485,0.18402,3.213
GW85N13,81.13,0.909735754,14.63814072,28.27433388,1.931552266,71.6,138.3,6.08732,0.085,0.767,2.348,0.17332,3.063
GW85N13,80.92,0.907641951,14.6044503,31.41592654,2.151120096,71.4,153.6,5.76165,0.081,0.754,2.27,0.16105,3.012
GW85N13,81.15,0.909935104,14.64134837,34.55751919,2.360268899,71.6,169,5.5074,0.077,0.726,2.188,0.15226,3.015
GW85N13,80.8,0.906444974,14.58519029,37.69911184,2.584752827,71.3,184.3,5.25271,0.074,0.682,2.08,0.14621,3.051
GW85N13,80.92,0.907641951,14.6044503,40.8407045,2.796456125,71.4,199.7,5.0533,0.071,0.673,2.022,0.13905,3.006
GW85N13,80.44,0.902851783,14.52737391,43.98229715,3.027546302,71,215.1,4.84378,0.068,0.674,1.975,0.13149,2.931
GW85N13,80.49,0.90335104,14.53540722,47.1238898,3.242006852,71.1,230.4,4.68213,0.066,0.644,1.902,0.12754,2.955
GW85N13,80.74,0.905846345,14.57555802,50.26548246,3.448614619,71.3,245.8,4.54597,0.064,0.66,1.818,0.12539,2.756
GW85N13,80.28,0.901253721,14.50166022,53.40707511,3.682824884,70.9,261.1,4.38788,0.062,0.625,1.783,0.11974,2.853
GW85N13,80.41,0.902552198,14.52255341,56.54866776,3.893851595,71,276.5,4.2704,0.06,0.616,1.649,0.12242,2.679
GW85N13,80.72,0.905646781,14.57234692,59.69026042,4.096132266,71.3,291.9,4.17075,0.059,0.582,1.623,0.11829,2.788
GW85N13,80.69,0.905347415,14.56752996,62.83185307,4.313143905,71.2,307.2,4.0638,0.057,0.573,1.575,0.11574,2.751
GW85N13,89.75,0.994685705,16.00503142,15.70796327,0.981439077,78.3,76.8,8.92963,0.114,1.002,3.313,0.24184,3.305
GW85N13,90.09,0.997996549,16.05830468,18.84955592,1.173819796,78.5,92.2,8.17873,0.104,1.003,3.071,0.21813,3.063
GW85N13,90.08,0.997899214,16.05673852,21.99114858,1.369590004,78.5,107.5,7.57129,0.096,0.857,2.767,0.20749,3.228
GW85N13,90.24,0.999456253,16.08179212,25.13274123,1.562807244,78.6,122.9,7.09335,0.09,0.844,2.567,0.19601,3.039
GW85N13,90.44,1.001401611,16.11309397,28.27433388,1.754742691,78.8,138.3,6.70069,0.085,0.792,2.578,0.17383,3.254
GW85N13,90.82,1.005094906,16.1725211,31.41592654,1.942549733,79.1,153.6,6.38028,0.081,0.811,2.521,0.16053,3.109
GW85N13,90.34,1.000429063,16.09744515,34.55751919,2.146770426,78.7,169,6.05511,0.077,0.776,2.275,0.16099,2.931
GW85N13,90.03,0.997412502,16.04890705,37.69911184,2.34901428,78.5,184.3,5.77985,0.074,0.733,2.191,0.15277,2.991
GW85N13,89.7,0.994198562,15.99719301,40.8407045,2.55299192,78.2,199.7,5.53521,0.071,0.69,2.167,0.14214,3.138
GW85N13,90.67,1.003637478,16.14907028,43.98229715,2.723518839,79,215.1,5.3845,0.068,0.694,1.958,0.14741,2.822
GW85N13,90.59,1.002859942,16.13655931,47.1238898,2.920318322,78.9,230.4,5.19789,0.066,0.663,2.007,0.13412,3.029
GW85N13,90.34,1.000429063,16.09744515,50.26548246,3.122575166,78.7,245.8,5.02064,0.064,0.66,1.91,0.1318,2.893
GW85N13,89.75,0.994685705,16.00503142,53.40707511,3.336892863,78.3,261.1,4.84277,0.062,0.642,1.909,0.12342,2.973
GW85N13,89.93,0.996438882,16.03324097,56.54866776,3.526964253,78.4,276.5,4.71462,0.06,0.663,1.785,0.12486,2.695
GW85N13,89.5,0.992249332,15.96582886,59.69026042,3.738625846,78.1,291.9,4.56958,0.059,0.634,1.857,0.11324,2.929
GW85N13,100.5,1.097902887,17.66585175,15.70796327,0.889171012,86.4,76.8,9.85624,0.114,1.07,3.55,0.2491,3.317
GW85N13,100.3,1.096010169,17.63539689,18.84955592,1.068847843,86.2,92.2,8.98196,0.104,1.009,3.213,0.22892,3.183
GW85N13,99.81,1.091368587,17.56071132,21.99114858,1.252292585,85.9,107.5,8.28047,0.096,0.968,3.024,0.20763,3.124
GW85N13,100.4,1.096956659,17.65062642,25.13274123,1.423900808,86.3,122.9,7.78533,0.09,0.939,2.914,0.1895,3.104
GW85N13,99.93,1.092505882,17.57901101,28.27433388,1.608414368,86,138.3,7.3103,0.085,0.862,2.726,0.17932,3.163
GW85N13,100.4,1.096956659,17.65062642,31.41592654,1.77987601,86.3,153.6,6.96341,0.081,0.818,2.488,0.17754,3.043
GW85N13,99.91,1.092316359,17.57596148,34.55751919,1.966180868,85.9,169,6.61126,0.077,0.813,2.371,0.16862,2.919
GW85N13,100.4,1.096956659,17.65062642,37.69911184,2.135851212,86.3,184.3,6.35669,0.074,0.804,2.348,0.15675,2.92
GW85N13,99.07,1.084346944,17.44772928,40.8407045,2.340746113,85.3,199.7,6.03711,0.071,0.793,2.474,0.13575,3.121
GW85N13,100.1,1.094116404,17.60492519,43.98229715,2.498295033,86.1,215.1,5.86992,0.068,0.769,2.248,0.13998,2.925
GW85N13,99.91,1.092316359,17.57596148,50.26548246,2.859899444,85.9,245.8,5.48177,0.064,0.704,2.145,0.12815,3.047
GW85N13,99.35,1.087005467,17.49050635,53.40707511,3.053489364,85.5,261.1,5.29224,0.062,0.657,2.12,0.12145,3.225
GW85N13,100.1,1.094116404,17.60492519,56.54866776,3.212093613,86.1,276.5,5.17678,0.06,0.655,2.089,0.11719,3.191
GW85N13,99.63,1.089661938,17.53325042,59.69026042,3.404403576,85.7,291.9,5.01819,0.059,0.696,2.115,0.1092,3.038
GW85N13,100.4,1.096956659,17.65062642,62.83185307,3.55975202,86.3,307.2,4.92387,0.057,0.649,1.86,0.11874,2.867
GW85N41,25.37,7.433,11.62,18.85,1.622203098,166,269.37,10.11418,0.060929,1.4457,4.9275,0.098225,3.408323
GW85N41,25.27,7.412,11.58,21.99,1.898963731,165.54,314.27,9.337744,0.056409,1.3098,4.3316,0.095506,3.307079
GW85N41,25.14,7.385,11.54,25.13,2.177642981,164.93,359.16,8.702803,0.052766,1.2081,3.9482,0.091349,3.268116
GW85N41,25.09,7.374,11.52,28.27,2.453993056,164.7,404.06,8.193518,0.049748,1.1232,3.6625,0.08741,3.260806
GW85N41,25.04,7.364,11.51,31.42,2.729800174,164.47,448.95,7.762078,0.047195,1.0526,3.3099,0.086926,3.144421
GW85N41,25.19,7.395,11.56,34.56,2.989619377,165.16,493.85,7.432229,0.044999,0.9593,3.0833,0.08519,3.214141
GW85N41,24.71,7.295,11.4,37.7,3.307017544,162.93,538.75,7.019513,0.043083,0.8907,2.8436,0.083527,3.192562
GW85N41,24.81,7.316,11.43,40.84,3.573053368,163.4,583.64,6.763446,0.041393,1.0274,2.869,0.076641,2.792513
GW85N41,24.81,7.316,11.43,43.98,3.847769029,163.4,628.54,6.517419,0.039887,0.8808,2.6438,0.077226,3.001582
GW85N41,24.71,7.295,11.4,47.12,4.133333333,162.93,673.43,6.278444,0.038535,0.8112,2.4542,0.077424,3.025294
GW85N41,25,7.356,11.5,50.27,4.371304348,164.28,718.33,6.129517,0.037311,0.7865,2.3943,0.075019,3.044157
GW85N41,25,7.356,11.5,53.41,4.644347826,164.28,763.22,5.946505,0.036197,0.7068,2.1215,0.079685,3.001588
GW85N41,25,7.356,11.5,56.55,4.917391304,164.28,808.12,5.778964,0.035177,0.7056,2.1472,0.074358,3.04295
GW85N41,25.24,7.406,11.57,59.69,5.159031979,165.4,853.01,5.663028,0.034239,0.7343,2.0698,0.073574,2.818828
GW85N41,25,7.356,11.5,62.83,5.463478261,164.28,897.91,5.482406,0.033372,0.7041,2.0667,0.06953,2.935266
GW85N41,35.12,9.35,14.61,15.71,1.075290897,208.83,224.48,13.93798,0.066744,1.5491,5.1812,0.141017,3.344586
GW85N41,34.99,9.326,14.58,18.85,1.292866941,208.29,269.37,12.69069,0.060929,1.4511,4.8591,0.124982,3.348422
GW85N41,34.81,9.292,14.52,21.99,1.51446281,207.54,314.27,11.70705,0.056409,1.3237,4.4795,0.115788,3.38404
GW85N41,34.7,9.272,14.49,25.13,1.734299517,207.08,359.16,10.92676,0.052766,1.2551,4.1959,0.107923,3.343056
GW85N41,34.56,9.246,14.45,28.27,1.956401384,206.5,404.06,10.27278,0.049748,1.1704,3.9896,0.100607,3.408669
GW85N41,35,9.328,14.58,31.42,2.155006859,208.33,448.95,9.832126,0.047195,1.1955,3.715,0.098102,3.107407
GW85N41,35,9.328,14.58,34.56,2.37037037,208.33,493.85,9.374565,0.044999,1.117,3.5287,0.093892,3.159192
GW85N41,34.46,9.227,14.42,37.7,2.614424411,206.08,538.75,8.87848,0.043083,1.0743,3.4245,0.087729,3.187517
GW85N41,34.89,9.307,14.55,40.84,2.806872852,207.87,583.64,8.604414,0.041393,1.0627,3.1124,0.089874,2.928885
GW85N41,35.6,9.439,14.75,43.98,2.981694915,210.81,628.54,8.408747,0.039887,1.0543,3.1932,0.082495,3.0288
GW85N41,35.55,9.43,14.74,47.12,3.196743555,210.61,673.43,8.11567,0.038535,0.9573,2.8519,0.086127,2.979057
GW85N41,35.32,9.387,14.67,50.27,3.4267212,209.66,718.33,7.822493,0.037311,1.026,2.949,0.077732,2.874217
GW85N41,35.07,9.341,14.6,53.41,3.658219178,208.62,763.22,7.551421,0.036197,0.9348,2.9233,0.073438,3.127255
GW85N41,35.32,9.387,14.67,56.55,3.854805726,209.66,808.12,7.375117,0.035177,0.8943,2.7778,0.073354,3.106141
GW85N41,35.09,9.344,14.6,59.69,4.088356164,208.7,853.01,7.145771,0.034239,0.875,2.742,0.070079,3.133747
GW85N41,35.3,9.383,14.67,62.83,4.282890252,209.57,897.91,6.993888,0.033372,0.8804,2.6773,0.068469,3.041021
GW85N41,44.59,11.01,17.21,15.71,0.912841371,245.88,224.48,16.41108,0.066744,1.7507,5.82,0.147815,3.324346
GW85N41,44.76,11.04,17.25,18.85,1.092753623,246.5,269.37,15.01923,0.060929,1.6458,5.3667,0.133923,3.26088
GW85N41,44.51,11,17.19,21.99,1.279232112,245.59,314.27,13.85329,0.056409,1.6314,5.0467,0.121615,3.093403
GW85N41,43.92,10.9,17.03,25.13,1.475631239,243.41,359.16,12.84354,0.052766,1.4078,4.5672,0.116542,3.244229
GW85N41,45.71,11.19,17.49,28.27,1.616352201,249.97,404.06,12.43537,0.049748,1.4454,4.5075,0.107794,3.118483
GW85N41,45.78,11.2,17.51,31.42,1.794403198,250.22,448.95,11.80919,0.047195,1.3963,4.5477,0.096253,3.257101
GW85N41,45.12,11.1,17.34,34.56,1.993079585,247.82,493.85,11.15171,0.044999,1.2543,4.075,0.096718,3.248733
GW85N41,45.71,11.19,17.49,37.7,2.155517439,249.97,538.75,10.76935,0.043083,1.5087,3.9113,0.093168,2.592454
GW85N41,44.97,11.07,17.3,40.84,2.360693642,247.27,583.64,10.23539,0.041393,1.3721,3.9553,0.084129,2.882665
GW85N41,45.04,11.08,17.32,43.98,2.53926097,247.53,628.54,9.87328,0.039887,1.3104,3.604,0.085823,2.750222
GW85N41,45.45,11.15,17.43,47.12,2.703384968,249.02,673.43,9.59606,0.038535,1.1443,3.7004,0.078485,3.23373
GW85N41,45.45,11.15,17.43,50.27,2.88410786,249.02,718.33,9.291346,0.037311,1.066,3.5182,0.07739,3.300447
GW85N41,45.61,11.18,17.47,53.41,3.057240985,249.6,763.22,9.034949,0.036197,1.033,3.1873,0.080588,3.085616
GW85N41,45.43,11.15,17.42,56.55,3.246268657,248.95,808.12,8.757408,0.035177,0.9813,3.0705,0.078799,3.129084
GW85N41,45.43,11.15,17.42,59.69,3.42652124,248.95,853.01,8.523835,0.034239,1,3.1186,0.073499,3.118644
GW85N41,45.3,11.13,17.39,62.83,3.612995975,248.48,897.91,8.292225,0.033372,0.958,3.0241,0.071871,3.156729
GW85N41,55.35,12.65,19.77,15.71,0.794638341,282.55,224.48,18.85837,0.066744,1.948,6.5638,0.15061,3.369526
GW85N41,55.41,12.66,19.78,18.85,0.952982811,282.74,269.37,17.22672,0.060929,1.814,5.9933,0.137547,3.303992
GW85N41,55.35,12.65,19.77,21.99,1.112291351,282.55,314.27,15.93823,0.056409,1.6988,5.5733,0.126696,3.280688
GW85N41,55.12,12.62,19.72,25.13,1.274340771,281.82,359.16,14.87068,0.052766,1.572,5.2148,0.118179,3.317183
GW85N41,55.12,12.62,19.72,28.27,1.43356998,281.82,404.06,14.02021,0.049748,1.4885,4.9055,0.111671,3.295642
GW85N41,54.49,12.53,19.58,31.42,1.604698672,279.83,448.95,13.2066,0.047195,1.5028,4.796,0.10207,3.191337
GW85N41,54.82,12.58,19.65,34.56,1.758778626,280.88,493.85,12.63913,0.044999,1.4793,4.7056,0.094928,3.180975
GW85N41,54.69,12.56,19.63,37.7,1.920529801,280.46,538.75,12.08329,0.043083,1.2931,4.265,0.095866,3.298267
GW85N41,65.1,13.91,21.75,40.84,1.877701149,310.78,583.64,12.8641,0.041393,1.5226,4.555,0.091814,2.991596
GW85N41,54.49,12.53,19.58,43.98,2.246169561,279.83,628.54,11.16161,0.039887,1.2184,3.996,0.087504,3.279723
GW85N41,63.39,13.71,21.42,50.27,2.346872082,306.17,718.33,11.4236,0.037311,1.2707,3.796,0.088187,2.987287
GW85N41,54.67,12.55,19.62,53.41,2.722222222,280.4,763.22,10.1497,0.036197,1.0829,3.6194,0.079722,3.342484
GW85N41,54.51,12.53,19.59,56.55,2.886676876,279.89,808.12,9.845855,0.035177,1.1647,3.6948,0.073624,3.172192
GW85N41,54.51,12.53,19.59,59.69,3.046962736,279.89,853.01,9.583252,0.034239,1.0685,3.3896,0.076029,3.17222
GW85N41,54.69,12.56,19.63,62.83,3.200713194,280.46,897.91,9.35968,0.033372,1.1122,3.4516,0.071074,3.103285
GW85N73,45.81,45.50410841,18.66160187,18.84955592,1.0100717,571,576.8,23.7767,0.042,2.848,9.723,0.07997,3.345
GW85N73,45.02,45.0463266,18.47386186,21.99114858,1.190392607,565.3,672.9,21.79149,0.039,2.648,8.657,0.07621,3.205
GW85N73,45.04,45.05795731,18.47863171,25.13274123,1.360097524,565.4,769,20.38934,0.036,2.489,8.065,0.0716,3.175
GW85N73,45,45.03469371,18.46909112,28.27433388,1.530900124,565.1,865.2,19.21333,0.034,2.263,7.587,0.06762,3.286
GW85N73,44.59,44.79574055,18.3710945,31.41592654,1.710073754,562.1,961.3,18.13065,0.032,2.102,6.788,0.06766,3.165
GW85N73,44.28,44.61445729,18.29674877,34.55751919,1.888724583,559.9,1057.4,17.21694,0.031,2.038,6.497,0.06401,3.124
GW85N73,44.66,44.83660236,18.38785225,37.69911184,2.050218336,562.6,1153.6,16.56604,0.029,1.943,6.11,0.0627,3.081
GW85N73,44.66,44.83660236,18.38785225,40.8407045,2.221069864,562.6,1249.7,15.91613,0.028,1.898,5.967,0.05926,3.08
GW85N73,44.82,44.92990019,18.42611445,43.98229715,2.386954519,563.8,1345.8,15.36909,0.027,1.775,5.517,0.05964,3.045
GW85N73,44.5,44.74316444,18.34953261,47.1238898,2.568124802,561.5,1441.9,14.78624,0.026,1.744,5.303,0.05767,2.981
GW85N73,44.5,44.74316444,18.34953261,50.26548246,2.739333122,561.5,1538.1,14.31671,0.025,1.73,5.14,0.05578,2.911
GW85N73,44.6,44.80157959,18.37348914,53.40707511,2.906746493,562.2,1634.2,13.90738,0.025,1.57,4.84,0.05583,3.021
GW85N73,44.3,44.62616899,18.30155183,56.54866776,3.089829119,560,1730.3,13.46263,0.024,1.662,4.764,0.05336,2.809
GW85N73,43.87,44.37387721,18.19808494,59.69026042,3.280029773,556.8,1826.5,13.02948,0.023,1.502,4.74,0.05052,3.093
GW85N73,44.02,44.46200309,18.23422607,62.83185307,3.445819572,557.9,1922.6,12.72479,0.023,1.455,4.51,0.05054,3.037
GW85N73,35.94,39.51820362,16.20673403,15.70796327,0.969224474,495.9,480.6,22.6198,0.046,2.63,8.624,0.09396,3.213
GW85N73,36.27,39.72870934,16.29306413,18.84955592,1.156906753,498.6,576.8,20.75895,0.042,2.314,7.796,0.08708,3.302
GW85N73,36.29,39.74144143,16.29828566,21.99114858,1.34929213,498.7,672.9,19.22521,0.039,2.16,7.145,0.08146,3.242
GW85N73,35.94,39.51820362,16.20673403,25.13274123,1.550759158,495.9,769,17.88252,0.036,2.006,6.451,0.07851,3.151
GW85N73,35.53,39.25553532,16.09901165,28.27433388,1.756277621,492.6,865.2,16.74774,0.034,1.94,6.096,0.07336,3.079
GW85N73,35.4,39.17198557,16.06474722,31.41592654,1.955581753,491.6,961.3,15.85449,0.032,1.895,5.828,0.06891,3.014
GW85N73,34.9,38.84943608,15.93246708,34.55751919,2.168999881,487.5,1057.4,14.99219,0.031,1.816,5.604,0.06462,3.025
GW85N73,34.9,38.84943608,15.93246708,37.69911184,2.366181688,487.5,1153.6,14.35393,0.029,1.675,5.25,0.06322,3.072
GW85N73,34.9,38.84943608,15.93246708,40.8407045,2.563363496,487.5,1249.7,13.79081,0.028,1.619,4.925,0.06221,2.981
GW65N13,29.68,8.54E-07,13.73621405,15.71,1.143543862,331.7695344,379.3930147,1.70E+01,0.051339937,2.166666667,6.83125,1.01E-01,3.152884615
GW65N13,30.37,8.67E-07,13.9505708,18.85,1.35116736,336.9468735,455.2716176,1.58E+01,0.046866736,1.952674897,6.358490566,9.14E-02,3.256297592
GW65N13,29.68,8.54E-07,13.73621405,18.85,1.372252634,331.7695344,455.2716176,1.55E+01,0.046866736,1.919753086,6.246835443,9.16E-02,3.253978591
GW65N13,30.58,8.71E-07,14.01549341,21.99,1.569059892,338.5149435,531.1502206,1.47E+01,0.043390167,1.852941176,5.80625,8.62E-02,3.133531746
GW65N13,30.58,8.71E-07,14.01549341,25.13,1.793211305,338.5149435,607.0288235,1.37E+01,0.040587784,1.661290323,5.402515723,8.11E-02,3.251999756
GW65N13,30.3,8.66E-07,13.92889742,28.27,2.029904668,336.4233982,682.9074265,1.29E+01,0.03826653,1.606995885,5.0625,7.64E-02,3.150288092
GW65N13,30.58,8.71E-07,14.01549341,31.42,2.241514131,338.5149435,758.7860294,1.23E+01,0.036302818,1.528806584,4.767295597,7.35E-02,3.118311791
GW65N13,30.5,8.70E-07,13.99077819,34.56,2.470021232,337.917999,834.6646324,1.17E+01,0.034613379,1.438016529,4.439490446,7.16E-02,3.087231862
GW65N13,30.22,8.64E-07,13.90410782,37.7,2.711365039,335.8246574,910.5432353,1.11E+01,0.033139787,1.334710744,4.094339623,7.07E-02,3.067585723
GW65N13,30.27,8.65E-07,13.91960382,40.84,2.934042162,336.1989309,986.4218382,1.07E+01,0.031839678,1.290123457,3.925696594,6.82E-02,3.042884442
GW65N13,30.35,8.67E-07,13.94438007,43.98,3.15412352,336.7973494,1062.300441,1.03E+01,0.030681481,1.219512195,3.748447205,6.64E-02,3.073726708
GW65N13,30.09,8.62E-07,13.86377902,47.12,3.399065273,334.8505995,1138.179044,9.93E+00,0.029641127,1.169354839,3.65,6.33E-02,3.12137931
GW65N13,30.19,8.64E-07,13.89480621,50.27,3.617573481,335.5999963,1214.057647,9.63E+00,0.028699897,1.158536585,3.504643963,6.19E-02,3.025061105
GW65N13,30.45,8.69E-07,13.97532044,53.41,3.821527767,337.5446493,1289.93625,9.40E+00,0.02784299,1.143442623,3.37962963,6.08E-02,2.955661755
GW65N13,30.45,8.69E-07,13.97532044,56.55,4.046323518,337.5446493,1365.814853,9.13E+00,0.027058523,1.095918367,3.276923077,5.92E-02,2.990116029
GW65N13,30.42,8.68E-07,13.96604181,59.69,4.273956875,337.3205435,1441.693456,8.88E+00,0.026336832,1.061181435,3.09202454,5.94E-02,2.913756723
GW65N13,30.42,8.68E-07,13.96604181,62.83,4.498901973,337.3205435,1517.572059,8.66E+00,0.025669969,1.056016598,3.024390244,5.77E-02,2.863960899
GW65N13,30.33,8.66E-07,13.93818801,65.97,4.733287117,336.647793,1593.450662,8.43E+00,0.025051324,1.020491803,3.099378882,5.35E-02,3.037142358
GW65N13,40.48,1.05E-06,16.93077477,15.71,0.92777581,408.9274702,379.3930147,2.10E+01,0.051339937,2.257201646,7.320754717,1.16E-01,3.243287869
GW65N13,40.45,1.05E-06,16.92231948,18.85,1.11388725,408.7232505,455.2716176,1.92E+01,0.046866736,2.119834711,6.70625,1.05E-01,3.163572125
GW65N13,40.22,1.05E-06,16.85742752,21.99,1.304537632,407.1559207,531.1502206,1.77E+01,0.043390167,1.97107438,6.358490566,9.47E-02,3.225900874
GW65N13,40.27,1.05E-06,16.87154474,25.13,1.489652644,407.4968927,607.0288235,1.65E+01,0.040587784,1.863636364,5.955696203,8.85E-02,3.195739426
GW65N13,40.53,1.05E-06,16.94486237,31.42,1.854008953,409.2677267,758.7860294,1.49E+01,0.036302818,1.690082645,5.289308176,8.01E-02,3.129615107
GW65N13,40.43,1.05E-06,16.91668149,34.56,2.042807226,408.5870765,834.6646324,1.41E+01,0.034613379,1.595435685,5.018867925,7.66E-02,3.145766371
GW65N13,40.35,1.05E-06,16.89412042,37.7,2.231493023,408.0421609,910.5432353,1.35E+01,0.033139787,1.528688525,4.80625,7.32E-02,3.144034853
GW65N13,39.99,1.04E-06,16.79241438,40.84,2.432092465,405.5856643,986.4218382,1.29E+01,0.031839678,1.542194093,4.490909091,7.19E-02,2.912025867
GW65N13,40.32,1.05E-06,16.88565625,43.98,2.604713521,407.8377267,1062.300441,1.25E+01,0.030681481,1.453781513,4.436708861,6.80E-02,3.051840199
GW65N13,40.35,1.05E-06,16.89412042,47.12,2.789366279,408.0421609,1138.179044,1.21E+01,0.029641127,1.4,4.243076923,6.64E-02,3.030769231
GW65N13,40.17,1.05E-06,16.84330457,50.27,2.984300513,406.8148103,1214.057647,1.17E+01,0.028699897,1.355967078,4.132307692,6.37E-02,3.047498541
GW65N13,40.22,1.05E-06,16.85742752,56.55,3.354525339,407.1559207,1365.814853,1.10E+01,0.027058523,1.314049587,3.84,6.10E-02,2.922264151
GW65N13,40.09,1.05E-06,16.82069591,62.83,3.73538963,406.2687455,1517.572059,1.04E+01,0.025669969,1.220164609,3.756329114,5.60E-02,3.078542916
GW65N13,50.45,1.22E-06,19.63831063,15.71,0.799863266,474.3223386,379.3930147,2.44E+01,0.051339937,2.581967213,8.756410256,1.12E-01,3.391371591
GW65N13,50.1,1.21E-06,19.5464093,21.99,1.125073574,472.1026542,531.1502206,2.05E+01,0.043390167,2.151821862,7.056603774,9.89E-02,3.279362431
GW65N13,50.23,1.22E-06,19.58056845,25.13,1.28355524,472.9276971,607.0288235,1.92E+01,0.040587784,2.010121457,6.64375,9.21E-02,3.30514854
GW65N13,50.1,1.21E-06,19.5464093,28.27,1.446523167,472.1026542,682.9074265,1.81E+01,0.03826653,1.906504065,6.32278481,8.59E-02,3.316428706
GW65N13,50.1,1.21E-06,19.5464093,31.42,1.607247963,472.1026542,758.7860294,1.71E+01,0.036302818,1.889121339,6.056962025,8.07E-02,3.20623239
GW65N13,50.05,1.21E-06,19.53326347,34.56,1.769162601,471.785144,834.6646324,1.63E+01,0.034613379,1.829218107,5.683229814,7.81E-02,3.106917536
GW65N13,49.92,1.21E-06,19.49906423,37.7,1.933380566,470.9591331,910.5432353,1.56E+01,0.033139787,1.660493827,5.458598726,7.44E-02,3.287334549
GW65N13,49.97,1.21E-06,19.51222122,40.84,2.093083306,471.2769126,986.4218382,1.50E+01,0.031839678,1.640495868,5.18125,7.24E-02,3.158343829
GW65N13,50,1.21E-06,19.52011335,43.98,2.253178369,471.4675304,1062.300441,1.45E+01,0.030681481,1.552845528,5.025316456,6.94E-02,3.236198555
GW65N13,49.69,1.21E-06,19.43848663,47.12,2.424257129,469.4960078,1138.179044,1.39E+01,0.029641127,1.56302521,4.73006135,6.85E-02,3.026222046
GW65N13,49.82,1.21E-06,19.47273736,50.27,2.58132596,470.3232624,1214.057647,1.35E+01,0.028699897,1.559322034,4.672955975,6.51E-02,2.996786984
GW65N13,49.64,1.21E-06,19.4253055,53.41,2.749355737,469.177645,1289.93625,1.31E+01,0.02784299,1.5125,4.553459119,6.27E-02,3.010551484
GW65N13,49.82,1.21E-06,19.47273736,56.55,2.903991705,470.3232624,1365.814853,1.27E+01,0.027058523,1.457627119,4.360248447,6.20E-02,2.991333237
GW65N13,49.84,1.21E-06,19.47800411,59.69,3.06449573,470.4504699,1441.693456,1.24E+01,0.026336832,1.458333333,4.254658385,6.02E-02,2.917480035
GW65N13,49.82,1.21E-06,19.47273736,62.83,3.22665745,470.3232624,1517.572059,1.21E+01,0.025669969,1.404564315,4.136645963,5.88E-02,2.945145279
GW65N13,60.84,1.38E-06,22.27928907,15.71,0.705047779,538.1096519,379.3930147,2.76E+01,0.051339937,2.838709677,9.125786164,1.22E-01,3.21476558
GW65N13,60.97,1.39E-06,22.31135341,18.85,0.844841439,538.8840991,455.2716176,2.53E+01,0.046866736,2.572289157,8.39375,1.11E-01,3.263144028
GW65N13,60.87,1.39E-06,22.28669052,21.99,0.986739084,538.2884183,531.1502206,2.34E+01,0.043390167,2.376,7.782608696,1.02E-01,3.27550871
GW65N13,60.33,1.38E-06,22.15328168,25.13,1.13449292,535.0662067,607.0288235,2.17E+01,0.040587784,2.25708502,7.459119497,9.28E-02,3.304757876
GW65N13,59.64,1.37E-06,21.98224648,28.27,1.286234958,530.9352091,682.9074265,2.03E+01,0.03826653,2.150205761,6.87654321,8.88E-02,3.198086124
GW65N13,60.43,1.38E-06,22.17801631,34.56,1.558188014,535.6636201,834.6646324,1.85E+01,0.034613379,1.950819672,6.25625,8.06E-02,3.206985294
GW65N13,60.43,1.38E-06,22.17801631,37.7,1.69984147,535.6636201,910.5432353,1.78E+01,0.033139787,1.943037975,5.97515528,7.73E-02,3.075161349
GW65N13,60.41,1.38E-06,22.17307045,40.84,1.841905684,535.5441633,986.4218382,1.71E+01,0.031839678,1.81120332,5.7375,7.43E-02,3.167783505
GW65N13,60.36,1.38E-06,22.16070347,43.98,1.984697697,535.2454647,1062.300441,1.64E+01,0.030681481,1.679282869,5.572327044,7.10E-02,3.318277789
GW65N13,60.51,1.38E-06,22.19779441,47.12,2.122908652,536.1413187,1138.179044,1.59E+01,0.029641127,1.633603239,5.228395062,7.08E-02,3.200529319
GW65N13,60.33,1.38E-06,22.15328168,50.27,2.268985841,535.0662067,1214.057647,1.54E+01,0.028699897,1.596385542,5.136645963,6.74E-02,3.217672565
GW65N13,60.33,1.38E-06,22.15328168,53.41,2.410797456,535.0662067,1289.93625,1.49E+01,0.02784299,1.557142857,4.9875,6.53E-02,3.202981651
GW65N13,60.33,1.38E-06,22.15328168,56.55,2.552609071,535.0662067,1365.814853,1.45E+01,0.027058523,1.536734694,4.679012346,6.58E-02,3.04477563
GW65N13,60.2,1.37E-06,22.12110665,59.69,2.698339707,534.2890861,1441.693456,1.41E+01,0.026336832,1.487804878,4.509202454,6.45E-02,3.03077542
GW65N13,60.33,1.38E-06,22.15328168,62.83,2.836232301,535.0662067,1517.572059,1.37E+01,0.025669969,1.430612245,4.343373494,6.38E-02,3.036024268
GW65N13,70.08,1.52E-06,24.50612891,15.71,0.64098101,591.8943129,379.3930147,3.04E+01,0.051339937,2.943548387,9.397163121,1.30E-01,3.192460896
GW65N13,70.36,1.53E-06,24.57205756,18.85,0.767113453,593.4866815,455.2716176,2.78E+01,0.046866736,2.710526316,8.920863309,1.15E-01,3.291192289
GW65N13,70.38,1.53E-06,24.57676347,21.99,0.894794329,593.600343,531.1502206,2.58E+01,0.043390167,2.512195122,8.141843972,1.08E-01,3.240928183
GW65N13,70.23,1.53E-06,24.54145849,25.13,1.024093219,592.7476251,607.0288235,2.41E+01,0.040587784,2.388888889,7.659574468,1.00E-01,3.206333498
GW65N13,70.36,1.53E-06,24.57205756,28.27,1.15067018,593.4866815,682.9074265,2.27E+01,0.03826653,2.201612903,7.234042553,9.44E-02,3.285792222
GW65N13,70.23,1.53E-06,24.54145849,31.42,1.280116524,592.7476251,758.7860294,2.15E+01,0.036302818,2.12195122,6.929078014,8.85E-02,3.26542757
GW65N13,70.23,1.53E-06,24.54145849,34.56,1.408128176,592.7476251,834.6646324,2.05E+01,0.034613379,2.022267206,6.567375887,8.49E-02,3.247531219
GW65N13,70.26,1.53E-06,24.54852145,37.7,1.535697859,592.9182162,910.5432353,1.96E+01,0.033139787,1.973684211,6.357142857,8.04E-02,3.220952381
GW65N13,70.21,1.52E-06,24.5367493,40.84,1.664470871,592.6338845,986.4218382,1.89E+01,0.031839678,1.94214876,6.163522013,7.66E-02,3.173558143
GW65N13,70.23,1.53E-06,24.54145849,43.98,1.792163133,592.7476251,1062.300441,1.82E+01,0.030681481,1.927966102,5.81875,7.53E-02,3.018076923
GW65N13,70.21,1.52E-06,24.5367493,47.12,1.920543313,592.6338845,1138.179044,1.76E+01,0.029641127,1.824894515,5.542682927,7.38E-02,3.037262089
GW65N13,69.77,1.52E-06,24.43303616,50.27,2.057275327,590.1289105,1214.057647,1.69E+01,0.028699897,1.783898305,5.259036145,7.26E-02,2.948058266
GW65N13,70.08,1.52E-06,24.50612891,53.41,2.179335435,591.8943129,1289.93625,1.65E+01,0.02784299,1.727848101,5.333333333,6.76E-02,3.086691087
GW65N13,69.95,1.52E-06,24.47548998,56.55,2.310420253,591.1542937,1365.814853,1.60E+01,0.027058523,1.658995816,5.1375,6.62E-02,3.096752837
GW65N13,70.15,1.52E-06,24.52261912,59.69,2.434089937,592.2925994,1441.693456,1.56E+01,0.026336832,1.642259414,4.925925926,6.55E-02,2.99948101
GW65N13,70.13,1.52E-06,24.51790818,62.83,2.562692242,592.1788165,1517.572059,1.52E+01,0.025669969,1.524390244,4.670731707,6.56E-02,3.064